"grid_cells","annual_mean_temp_mean","mean_diurnal_range_mean","isothermality_mean","temperature_seasonality_mean","max_temp_warmest_month_mean","min_temp_coldest_month_mean","ann_temperature_range_mean","mean_temp_wettest_quarter_mean","mean_temp_driest_quarter_mean","mean_temp_warmest_quarter_mean","mean_temp_coldest_quarter_mean","ann_precipitaiton_mean","precip_wettest_month_mean","precip_driest_month_mean","precip_seasonality_mean","precip_wettest_quarter_mean","precip_driest_quarter_mean","precip_warmest_quarter_mean","precip_coldest_quarter_mean","altitude_mean","annual_mean_temp_stdev","mean_diurnal_range_stdev","isothermality_stdev","temperature_seasonality_stdev","max_temp_warmest_month_stdev","min_temp_coldest_month_stdev","ann_temperature_range_stdev","mean_temp_wettest_quarter_stdev","mean_temp_driest_quarter_stdev","mean_temp_warmest_quarter_stdev","mean_temp_coldest_quarter_stdev","ann_precipitaiton_stdev","precip_wettest_month_stdev","precip_driest_month_stdev","precip_seasonality_stdev","precip_wettest_quarter_stdev","precip_driest_quarter_stdev","precip_warmest_quarter_stdev","precip_coldest_quarter_stdev","altitude_stdev","annual_mean_temp_sterr","mean_diurnal_range_sterr","isothermality_sterr","temperature_seasonality_sterr","max_temp_warmest_month_sterr","min_temp_coldest_month_sterr","ann_temperature_range_sterr","mean_temp_wettest_quarter_sterr","mean_temp_driest_quarter_sterr","mean_temp_warmest_quarter_sterr","mean_temp_coldest_quarter_sterr","ann_precipitaiton_sterr","precip_wettest_month_sterr","precip_driest_month_sterr","precip_seasonality_sterr","precip_wettest_quarter_sterr","precip_driest_quarter_sterr","precip_warmest_quarter_sterr","precip_coldest_quarter_sterr","altitude_sterr","annual_mean_temp_median","mean_diurnal_range_median","isothermality_median","temperature_seasonality_median","max_temp_warmest_month_median","min_temp_coldest_month_median","ann_temperature_range_median","mean_temp_wettest_quarter_median","mean_temp_driest_quarter_median","mean_temp_warmest_quarter_median","mean_temp_coldest_quarter_median","ann_precipitaiton_median","precip_wettest_month_median","precip_driest_month_median","precip_seasonality_median","precip_wettest_quarter_median","precip_driest_quarter_median","precip_warmest_quarter_median","precip_coldest_quarter_median","altitude_median","annual_mean_temp_min","mean_diurnal_range_min","isothermality_min","temperature_seasonality_min","max_temp_warmest_month_min","min_temp_coldest_month_min","ann_temperature_range_min","mean_temp_wettest_quarter_min","mean_temp_driest_quarter_min","mean_temp_warmest_quarter_min","mean_temp_coldest_quarter_min","ann_precipitaiton_min","precip_wettest_month_min","precip_driest_month_min","precip_seasonality_min","precip_wettest_quarter_min","precip_driest_quarter_min","precip_warmest_quarter_min","precip_coldest_quarter_min","altitude_min","annual_mean_temp_max","mean_diurnal_range_max","isothermality_max","temperature_seasonality_max","max_temp_warmest_month_max","min_temp_coldest_month_max","ann_temperature_range_max","mean_temp_wettest_quarter_max","mean_temp_driest_quarter_max","mean_temp_warmest_quarter_max","mean_temp_coldest_quarter_max","ann_precipitaiton_max","precip_wettest_month_max","precip_driest_month_max","precip_seasonality_max","precip_wettest_quarter_max","precip_driest_quarter_max","precip_warmest_quarter_max","precip_coldest_quarter_max","altitude_max","species","long_min","long_max","lat_min","lat_max","long_cent","lat_cent"
6261,224.208923628074,68.3616674808663,58.8322748737991,1503.01595831298,290.82820387559,175.529555446996,115.298648428595,242.165119687347,214.694837974271,244.934701188731,205.978342289529,711.688487217066,104.394072626608,37.9791564891711,42.660315909461,271.092330239375,122.368669597785,258.653802312327,143.612115290669,311.375508874776,18.3841692581837,1.31340721864405,1.39981636301516,56.2503021144045,17.8606611703253,18.6557266739716,1.69076235055424,21.8942846819076,15.3252156775732,17.8733729820412,18.6355764606378,320.736010019353,26.4629553139567,24.3310144167008,18.2675974637849,70.7300490956566,79.1615646093837,54.2077286695426,99.1699968900032,341.389411054139,0.232339022526402,0.0165988326735536,0.0176908709298696,0.710890985963796,0.225722930403362,0.235770963543583,0.0213678446023523,0.276699840524192,0.193679985237767,0.225883582204764,0.235516305266457,4.05345980067836,0.334438672994027,0.307495216523618,0.230865788877146,0.893885942809949,1.00044338608433,0.685076954829028,1.253309835097,4.31447736099764,231,69,59,1507,298,183,115,250,220,252,213,634,100,32,39,254,100,248,116,178,152,65,56,1335,219,100,111,137,162,174,134,305,68,7,18,185,23,185,25,-3,244,73,62,1655,308,196,122,261,235,263,228,1897,221,117,86,603,379,425,546,1685,"Microlophus_albemarlensis",-91.661880493,-90.780731201,-1.05115985899994,0.165531174000023,-91.22231545,-0.53699121
5222,173.102647735994,88.7490406753645,53.8367229470453,2492.0984267076,256.42939370683,93.8973522640061,162.532041442824,143.340943975441,205.522640061397,205.545855717575,141.232924021489,20.7492325402916,6.75959324635457,0,84.8881427475058,15.7853031465848,0.0767459708365311,0.0786646201074444,15.4443591711435,294.107636224098,9.51988982781649,13.3143340830515,4.06698969120007,140.26234056575,9.97710886873767,12.5859477240112,13.1800169819763,9.18666257401607,10.20530309117,10.2107709176806,8.99695283324382,17.5147236190681,6.42563366957614,0,31.6088639713993,13.4790593911036,0.349713157033228,0.352022831684594,13.19742815091,291.200535365866,0.131738734928988,0.184247250782041,0.0562800711540189,1.94098709528332,0.138065852062256,0.174167649104391,0.182388535471778,0.127127448700521,0.141223663625736,0.141299328844594,0.124502195498534,0.242373344013386,0.0889196057998108,0,0.437411758691508,0.186526762844268,0.00483942248585316,0.00487138437009467,0.182629475798868,4.02970946445733,172,89,53,2479,256,93,164,143,205,205,141,17,5,0,90,13,0,0,13,192,139,65,46,1914,225,46,137,114,168,168,110,0,0,0,0,0,0,0,0,-22,201,141,72,2878,283,130,194,203,234,234,167,86,35,0,140,66,2,2,66,1912,"Microlophus_atacamensis",-71.318205437,-70.199922809,-29.561707456,-22.484942243,-70.6619845,-25.61793512
804,227.322580645161,62.2677419354839,54.6967741935484,1758.07096774194,289.109677419355,176.233870967742,112.875806451613,246.532258064516,212.125806451613,250.03064516129,205.416129032258,841.058064516129,131.511290322581,31.0838709677419,54.6129032258064,356.537096774194,129.691935483871,341.024193548387,146.258064516129,145.7,9.6796410325242,1.16460650076802,1.29182439049422,47.3133929509955,8.36723183346208,8.83204335575454,0.980782300245713,11.4759251293589,5.74669773781261,8.7581411692093,9.88337801977997,285.297469420318,25.5189410147309,16.2846071758533,17.0382586111703,51.7490238062687,75.6415123062065,38.5899414580994,90.824732329415,145.348459909493,0.341374618268797,0.0410725044758575,0.0455591335147152,1.66861471446899,0.295089514530249,0.311482153002726,0.0345895247795013,0.404724673895743,0.202670402751533,0.308875823838624,0.348559867806252,10.0616659635587,0.89998365830473,0.574313813873381,0.600893050662701,1.82504735333569,2.66767045410485,1.36096230118552,3.20314133800418,5.12604494844799,230.5,62,55,1751.5,292,179,113,250,213,253,209,743,119,26,56,340,104,329,115,96.5,198,60,52,1648,264,148,111,208,195,223,177,446,107,8,24,282,27,282,28,-14,240,65,57,1865,301,187,116,261,222,261,218,1529,190,74,98,466,315,416,382,625,"Microlophus_bivittatus",-89.797953,-89.242653,-0.975419,-0.699336,-89.4817831,-0.84289455
76,228.811594202899,60.1884057971015,51.9710144927536,1827.30434782609,293.695652173913,178.68115942029,115.014492753623,252.652173913043,209.710144927536,252.652173913043,205.840579710145,541.579710144928,99.0724637681159,15.695652173913,69.5797101449275,275.739130434783,56.0144927536232,275.739130434783,60.3478260869565,67.9130434782609,2.96685296885259,0.393900641355173,0.617657207727279,15.4770269487184,2.53971019552189,2.8101326827749,0.652883955619635,2.59992130512423,2.93107814572286,2.59992130512423,2.93870313736898,45.0141826660356,3.43562153200377,2.81437668277222,5.89218275020449,8.96505007025328,10.8376966752263,8.96505007025328,11.8083047632196,47.5186462257758,0.340321375567686,0.045183502354291,0.0708501407955979,1.77533674778735,0.291324739162101,0.322344325846227,0.0748909259053969,0.298231427110392,0.336217721916488,0.298231427110392,0.337092368443613,5.16348087545604,0.394092817533075,0.322831146033193,0.675879714868814,1.02836177052674,1.2431690681068,1.02836177052674,1.35450545151063,5.45076254821098,228,60,52,1828,293,178,115,252,209,252,205,547,100,16,68,277,57,277,61,74,222,60,51,1794,288,173,114,247,203,247,200,466,93,11,58,259,38,259,41,-3,233,61,53,1856,298,183,116,257,214,257,210,645,107,22,80,295,82,295,89,172,"Microlophus_delanonis",-89.7423400878247,-89.6149291990233,-1.41005194174369,-1.33681046992717,-89.6739366,-1.37539979
20,228.125,68.5625,57.0625,1636.125,297.625,178.6875,118.9375,247.125,216.3125,250.5625,208.6875,553.5,84.75,26.375,45.5,229.3125,85.5,219.5,97.0625,175.1875,7.45542308211501,0.51234753829798,0.928708781050335,36.886989576272,6.58153984008808,7.39115462337696,0.997914491994847,7.3291654822815,8.00598734281621,6.75246868436525,7.83767610115822,142.353082158413,13.6601610532233,10.5126907434142,12.9820388742806,35.0784240428976,35.1264382860925,28.7773058734367,40.5799108755387,119.882842114013,1.66708328126302,0.114564392373896,0.207665596572952,8.24818161778704,1.471677047906,1.65271241700827,0.223140463983265,1.63885122367265,1.790193192554,1.50989789941793,1.75255765478153,31.8311168512825,3.05450486986025,2.3507091128707,2.90287214094363,7.84377407034819,7.85451038151541,6.43480121423084,9.07394392385876,26.8066184302807,230,69,57,1638,299,180.5,118.5,248.5,218,252,210,517,82,23.5,45.5,222,75.5,214,86,150,216,68,56,1585,286,166,118,235,203,239,195,357,65,12,28,179,38,178,42,1,239,69,58,1698,307,189,120,258,228,261,220,801,107,45,67,288,148,267,169,379,"Microlophus_duncanensis",-90.687019348,-90.64138794,-0.630911647999937,-0.583109676999925,-90.66471232,-0.6066436
204,223.783783783784,61.9297297297297,52.0594594594595,1786.51891891892,293.556756756757,176.286486486486,117.27027027027,247.378378378378,204.535135135135,247.918918918919,202.054054054054,473.718918918919,91.7675675675676,16.4486486486486,66.2648648648649,223.043243243243,59.9243243243243,222.92972972973,64.3621621621622,167.243243243243,6.23600666159292,0.330402311472782,0.298054798232986,19.5595778528432,5.77741764472659,6.10052395122222,0.618933543205422,7.00369216041017,6.06756416530699,5.96902502042646,6.32260414301229,142.124359655622,8.95247275939101,11.2674411088847,24.3252442703698,19.9384452282483,41.0439147465289,19.7197879109448,44.3531244386859,106.07467770535,0.436607796604728,0.0231327888236078,0.0208680098957319,1.36944436596658,0.404500143251133,0.427122109551617,0.0433340156943721,0.490356532344273,0.424814462962071,0.417915342858403,0.442670833032655,9.95069551405007,0.626798465388925,0.788878669136488,1.70310775454577,1.39597038797997,2.87364881950539,1.38066131364761,3.1053398407954,7.42671293052454,224,62,52,1786,294,177,117,249,205,249,202,447,91,14,65,222,50,222,54,155,211,61,51,1738,281,163,116,231,192,236,189,267,77,1,30,189,6,189,6,0,234,63,53,1836,303,186,119,257,215,257,213,774,110,40,113,268,149,265,160,393,"Microlophus_grayii",-90.510429383,-90.292984009,-1.35714542799997,-1.21872901899997,-90.43380596,-1.29097724
151,238.62962962963,74.9555555555555,64.2,1380.47407407407,302.02962962963,186.133333333333,115.896296296296,255.214814814815,228.762962962963,256.918518518519,222.118518518519,608.037037037037,81.8740740740741,28.1407407407407,37.5407407407407,240.007407407407,94.9481481481481,215.303703703704,119.392592592593,100.192592592593,4.21394405381322,0.206847938475928,0.50074571256948,17.0157212774389,4.05179293414719,4.12274361625522,0.614186442523938,4.3732313016452,4.09077485527234,4.08318695375088,4.20385724059243,57.9767590347223,5.46143826339911,4.15764529181862,3.63803080029909,13.4133461585319,13.969219103656,10.6394605365389,17.5996507327523,74.6720687752027,0.342925903690055,0.0168330465052317,0.0407501081668183,1.38471975932466,0.329730232713951,0.335504117338097,0.0499817838459696,0.355888516081564,0.332902536465189,0.332285041796743,0.342105050471569,4.71808173794136,0.44444554270454,0.338344375414624,0.29605874779374,1.09156262973157,1.13679892846009,0.865827019218655,1.43223926447172,6.07672677618262,239,75,64,1380,302,187,116,256,229,257,223,596,81,27,38,238,92,213,116,93,229,74,63,1344,293,177,115,246,218,248,212,516,73,21,30,218,73,197,93,0,244,75,65,1426,308,192,117,261,234,263,228,748,95,38,44,271,129,240,163,269,"Microlophus_habelii",-90.54183197,-90.40120697,0.280717253000034,0.391899705000071,-90.47560521,0.3365836
1210,226.936170212766,68.4170212765957,56.3702127659574,1718.17617021277,297.037446808511,176.692765957447,120.344680851064,246.592340425532,213.428936170213,250.125957446809,206.673191489362,579.735319148936,84.2068085106383,27.7642553191489,49.6774468085106,239.614468085106,93.3642553191489,219.264680851064,103.203404255319,171.476595744681,10.2294882547451,2.96884153845685,2.4612771865648,84.5966405668747,8.91146842306124,9.64745195507166,1.26120337309759,9.80411775360747,8.46637885069243,9.09449532564456,10.7630711915896,247.998290722415,22.6342059500218,17.842957245753,18.5917484659864,61.605841348703,61.7647215946578,51.9351145128987,70.0689146434,157.050890487931,0.294077110753956,0.0853481933967457,0.0707567442050542,2.43198242354474,0.256186704668568,0.277344743591553,0.0362570477425046,0.281848568635392,0.243391279109697,0.261448358170832,0.309416541672415,7.12944958646761,0.650687671194583,0.512948955359856,0.534475189431442,1.77104341666255,1.77561090259369,1.49302956729478,2.01433966771881,4.51489565908667,230,68,56,1740,300,180,120,249,214,253,209,505,78,22,50,224,73,208,79,120,191,64,52,1493,261,141,116,211,189,215,171,200,45,2,20,122,7,115,11,0,243,78,64,1893,308,188,123,262,229,263,225,1335,151,77,98,405,276,358,331,807,"Microlophus_indefatigabilis",-90.548500061,-90.02722168,-0.838029562999964,-0.384728222999968,-90.3475644,-0.62389071
68059,233.142503317116,104.040262420758,68.3934099955772,1749.87997936017,313.116703523515,160.903095975232,152.213607548282,255.396977738464,218.01623175586,256.101872327879,212.469821612856,256.725475453339,75.7777089783282,2.45095090667846,140.48008255934,171.099498746867,9.64542237947811,163.248459383754,10.9339820138582,141.565575703966,14.9052067541704,17.5849842609558,5.74029291743776,571.815010390759,16.5387966842955,22.851097145566,28.4356741854945,12.7694122576089,16.0428451577818,12.83720455044,18.3985422664162,373.440775864338,72.6045031894224,7.13308875945129,40.1559460273262,205.325102096513,27.5245443265307,194.448866542029,29.9735990736609,180.30556262914,0.0571340779266315,0.0674061002758601,0.0220034749115316,2.19185979115267,0.0633958934054283,0.087591966120061,0.108998556786593,0.0489472307923125,0.0614948306673525,0.0492070896594396,0.0705246002234576,1.43145913646888,0.278304850879589,0.0273422875483456,0.15392426199663,0.787044458822652,0.105506048079945,0.745354081764013,0.114893672624635,0.691140501152466,236,108,68,1912,317,154,164,259,219,260,212,101,51,0,142,85,0,82,0,84,151,45,47,293,233,57,75,168,137,168,135,3,1,0,35,3,0,3,0,-25,257,140,91,2518,340,218,187,273,252,273,249,2126,395,50,259,1133,208,1107,233,1948,"Microlophus_occipitalis",-81.32674408,-78.674595166,-8.65899430699994,0.851950575000046,-80.26404146,-4.56657563
70,234.524590163934,74.1639344262295,64.344262295082,1338.65573770492,298.131147540984,183.737704918033,114.393442622951,250.590163934426,225.27868852459,252.524590163934,218.540983606557,794.491803278689,94.672131147541,43.2295081967213,26.5409836065574,270.901639344262,141.901639344262,242.27868852459,185.409836065574,182.770491803279,8.62478319993619,0.897781114170792,0.814150803017871,30.8425492060895,8.52540401747637,8.41803943790608,0.801637668039415,8.3593800591119,8.695077434083,8.22720397497848,9.06747625765075,131.903326082757,9.68972189397166,9.77478634484824,3.93943215236157,26.6231133403745,32.3201201101485,20.9595890127812,43.2571292964833,155.767710971885,1.03085876298704,0.107305367257704,0.097309633207953,3.6863897195922,1.01898067878221,1.00614815706906,0.0958140275160817,0.999137020294997,1.03926053095939,0.983338956572392,1.08377070376045,15.7654629000474,1.15814328241688,1.16831042894938,0.470852201303432,3.18207067339677,3.86299322127734,2.50515004279669,5.17021584928338,18.6178024564128,236,74,64,1332,299,185,114,252,226,254,220,763,92,41,27,265,134,238,173,156,214,72,63,1285,278,164,113,231,205,233,197,634,83,31,20,238,102,216,132,-4,245,75,66,1401,309,194,116,261,236,263,229,1114,119,67,33,331,221,290,293,548,"Microlophus_pacificus",-90.789840698,-90.717277527,0.539718389000029,0.645147085000076,-90.75602538,0.58722575
67969,216.698532340143,103.890168891511,63.3776827199646,2116.37827273398,302.715273987757,139.506173021609,163.209100966148,239.09932885906,212.070993436094,244.99492587949,191.686274799026,109.627037392138,34.6218452688251,0.788568478501364,108.342252378494,77.9054207537429,3.14297514565971,75.150851832731,4.40554613172063,159.181075300538,23.337862983973,17.8598832154104,5.6018758973993,490.536005787492,21.0585697190632,32.1581543097924,27.3848162593544,29.5154237167826,18.2069098758431,19.240404041758,27.1670275225342,203.338230993928,52.3495621137056,2.84975822423841,56.3646811395815,136.266757261998,10.1269628085218,132.013589727149,11.9198889451883,199.867742988782,0.089517026058412,0.0685051425784792,0.0214871117817367,1.88154864234244,0.0807743423461194,0.123349011831847,0.105039922137555,0.113212291793586,0.069836232517016,0.0738004054254335,0.104204550019613,0.779944322025326,0.200797181776978,0.0109308157903965,0.216197971245739,0.522678313309772,0.0388439847404009,0.506364441328035,0.0457211103712697,0.766632573412979,223,104,63,2276,309,144,166,253,216,254,196,26,15,0,109,22,0,21,0,76,158,45,46,616,245,38,94,154,137,180,130,0,0,0,0,0,0,0,0,-27,258,166,84,2855,340,202,241,273,247,273,245,1172,282,30,259,782,109,782,113,1666,"Microlophus_peruvianus",-81.32674408,-73.730532221,-16.186337018,-1.62913584899997,-78.80540123,-8.11991071
18278,178.594485173433,128.241656636393,83.7766714082504,569.272841667579,251.675675675676,98.9638363059416,152.711839369734,181.512036327826,170.55383521173,184.331819673925,169.942225626436,886.170368749316,131.337728416676,26.6424116424116,46.9089068825911,342.173541963016,92.9575992997046,263.949994528942,100.495021337127,1945.37099244994,52.7075124554397,17.0946366408934,2.47115406928092,139.904775832488,46.6300494827905,68.0058827002522,23.6481189875566,51.4840666432542,54.8770442794319,52.0330925050195,54.1885729002234,262.930407449071,31.3396571403147,18.7791506030881,14.2103783970065,85.1592072513858,63.9438820739239,68.0439748089179,76.0659577662279,1059.88395341623,0.38985955574407,0.126443217218026,0.0182782867705908,1.03482807690156,0.344906627704236,0.503016400933705,0.174917098781053,0.380810142888193,0.405906845279681,0.384871100588308,0.40081445648088,1.94480686081256,0.231808792346708,0.138902994474658,0.105109339271053,0.62989371267731,0.472971162867284,0.503298155315005,0.562634036790485,7.8396013769091,186,124,83,568,258,110,144,189,177,192,177,818.5,124,19,49,318,68,257,69,1778,39,102,78,307,121,-64,120,48,26,49,26,375,65,3,15,171,20,104,20,329,253,156,89,962,317,194,197,255,251,257,246,2124,248,139,86,716,426,509,563,4577,"Microlophus_stolzmanni",-79.2702679779999,-76.9085540089999,-9.03568153599997,-4.97553598899998,-78.15548813,-6.73715721
13520,189.974564330738,102.605339265851,57.9408972932888,2537.160252132,281.746755654431,107.534149054505,174.212606599926,198.959436410827,209.272895810159,224.447682610308,159.684686688914,9.14949944382647,2.20059325176122,0.0103077493511309,49.8826103077494,5.38939562476826,0.439228772710419,3.25635891731554,3.34364108268446,308.741713014461,5.5173217401763,20.3965318616318,4.05810927656345,141.323981918351,6.81000456384486,19.0652821643883,22.9305496026254,29.434412923882,19.5260509938546,6.00268369281501,5.3970866249738,8.74618452694581,2.081411765427,0.101006218708324,28.3046935814369,5.36933377132623,0.659427669740522,4.20629029194206,4.73969058133505,274.048048329881,0.0474504094798909,0.175415506722496,0.0349008007789168,1.21542319392455,0.0585678197378496,0.16396641126841,0.197208721818851,0.253143646829225,0.167929143670716,0.0516246491713993,0.0464163560534475,0.0752194736384911,0.0179006853717793,0.000868679889161631,0.243427765116904,0.0461776742560414,0.00567125036840034,0.0361751962533842,0.0407625782006949,2.356884866026,191,98,57,2579,283,113,171,216,217,226,161,7,2,0,43,4,0,2,0,225,157,63,48,1970,247,38,130,154,137,183,130,0,0,0,0,0,0,0,0,-27,201,159,72,2855,302,140,230,236,235,236,171,74,34,1,173,67,4,67,38,1666,"Microlophus_theresiae",-77.6638565059999,-74.555721698,-15.658366315,-11.0562408019999,-76.15300331,-13.57775063
36303,137.734154202132,129.415668126601,61.6205272291546,2809.41332672231,238.640773489794,31.4699611602347,207.17081232956,171.172685452993,130.777263587031,171.430377654739,98.7456133101948,13.7104371539542,7.71638707544831,0,112.10899925626,11.7406274963502,0.00451753298625458,11.5517174889128,0.00548164063576013,1923.90901578382,32.985422628037,20.5899636379132,3.49210835408575,88.0341658262432,26.687819699643,47.4035947280596,21.5801449323494,33.9571104723389,51.0074367818703,33.7939191726289,34.9288516078587,13.1270098590598,6.70791631552148,0,60.6762552152282,12.5415180134413,0.0670615296789827,12.2101056428139,0.0738359155494887,866.086975527593,0.173121415766931,0.108064816867174,0.0183280580966996,0.462040447247318,0.140068938398494,0.248794066527681,0.113261706095843,0.178221243566199,0.267708550225271,0.177364746768653,0.183321351060264,0.068896086529304,0.0352059751510385,0,0.318454589008886,0.0658231782820314,0.00035196720358688,0.064083786325388,0.000387522039008532,4.54558988288335,150,127,62,2818,250,46,204,184,121,184,112,10,5,0,121,7,0,7,0,1669,29,96,56,2547,142,-106,169,60,11,60,-13,0,0,0,0,0,0,0,0,750,180,173,69,3047,269,97,251,214,210,214,145,99,43,0,228,95,1,95,1,4450,"Microlophus_theresioides",-69.739919726,-68.5744528979999,-23.1649104059999,-19.8064111589999,-69.25074793,-21.5282255
64704,197.006919290424,105.543822172688,62.9468282715705,2150.11193151915,284.174452803319,118.187176867589,165.98727593573,219.192594656512,195.965635738832,225.961177672518,171.39944583759,26.5576143153463,12.1279836537569,0.00958174669514875,91.4511315439151,21.320191325346,0.231695613138912,20.4189808365066,1.21234636698554,407.786183090307,21.4146022783818,17.2320780031084,5.58547313838388,353.932192908293,24.0752246984239,26.7707779270012,20.3169341601733,29.3946146406927,23.0398916657173,22.7529146020171,21.1362221041036,35.8896252578711,18.583530144317,0.0974170607552476,55.4022359886939,30.8775757045364,0.563377456908969,30.4553423554035,2.67669644084595,444.178009448987,0.0841868864784072,0.0677441950952904,0.0219580820094899,1.39140801954113,0.0946465492228379,0.105243534901149,0.0798716412052378,0.115558582581321,0.0905763608831831,0.0894481725017427,0.0830924949120758,0.141092314863449,0.0730571374751628,0.000382974146717697,0.217801932120802,0.121388523904104,0.00221479686583621,0.119728604631789,0.0105228542876157,1.74618996755481,192,105,63,2146,282,119,164,219,199,224,165,14,4,0,79,9,0,8,0,252,89,56,44,731,166,-13,119,101,72,101,72,0,0,0,0,0,0,0,0,-27,242,161,84,2856,333,164,236,268,235,268,220,512,244,1,226,471,6,471,38,3369,"Microlophus_thoracicus",-80.87962225,-71.934667863,-17.064164552,-5.52348485099998,-77.30205653,-10.99775189
51195,133.420886075949,142.85769260822,72.9880645413346,1637.92797702766,223.736130645413,30.2264220972027,193.509708548211,149.655102359744,120.468452101891,153.475152367557,111.237712923894,290.807977809033,85.0983356774496,0.859665572745741,123.491014220972,217.467631661197,4.08907641819034,215.308505235193,4.56026332239412,2248.10939209251,46.7601046389057,23.4888628158455,6.84792075195431,480.39156920726,48.1154104665115,56.4971314043257,20.8951028871251,50.3494247399968,54.1421081797289,53.516622098992,43.5004101189705,307.656096079283,77.3307541339288,2.15436334584641,30.6179784718552,207.177571372229,9.48606057884327,204.341648002971,9.44722319682233,1231.93521049796,0.206662510434032,0.103812157698303,0.0302652978384204,2.12315452350622,0.212652465052437,0.249696597099245,0.0923486902302137,0.22252598868266,0.239288258292392,0.23652383925003,0.192255856344183,1.35972709336449,0.341773567584742,0.00952149574680892,0.13532023386757,0.915648870678248,0.0419249081774283,0.903115129630936,0.0417532611948325,5.44470174435316,145,149,76,1504,232,36,196,161,127,164,124,155,60,0,131,135,0,135,0,2171,12,63,48,536,87,-108,130,27,-6,27,-6,2,1,0,20,2,0,0,0,-27,209,171,83,2856,316,140,243,242,232,242,176,1529,349,15,196,916,73,916,73,4827,"Microlophus_tigris",-78.1005157499999,-73.215949512,-15.401708963,-9.53310128499993,-75.6613848,-13.24833271
943,170.075291622481,107.168610816543,58.6012725344645,2500.19724284199,263.297985153765,82.542948038176,180.755037115589,155.870625662778,185.621420996819,202.969247083775,138.335100742312,5.63308589607635,1.51113467656416,0,58.8568398727466,3.43584305408271,0,1.88441145281018,2.51113467656416,766.906680805939,6.41849555882414,12.0054035463269,3.14242230004907,44.3815644387292,3.28789618584079,13.2482427070258,11.2349173995275,23.3926199263335,16.5221927344918,6.827422861937,7.07122605829761,1.62420900887282,0.693947970277535,0,16.7111616266404,0.908714885934706,0,1.53182822662242,0.950825479942527,300.887296807206,0.209014973152032,0.390949729094232,0.102331349559651,1.44526258756275,0.107068631069689,0.431422140646909,0.36585924802879,0.761768514295588,0.538036622314835,0.22233147832025,0.230270802742098,0.052891522518251,0.0225980551123164,0,0.54419029610911,0.0295918281388186,0,0.0498831903405828,0.0309631377541786,9.79823849492031,170,109,59,2503,264,81,183,145,179,203,138,5,1,0,50,3,0,2,3,778,153,76,51,2322,251,49,148,133,140,182,120,3,1,0,43,2,0,0,0,123,185,135,66,2613,270,116,202,204,216,216,157,11,5,0,167,10,0,10,4,1603,"Microlophus_yanezi",-70.275220679,-69.972980187,-18.7016482729999,-18.359373879,-70.12109294,-18.52025615
11429,168.810482106921,96.8018199317526,57.546504506081,2494.10482106921,257.140432233791,90.5398547554467,166.600577478345,187.630238866043,199.426459007787,201.377985825532,136.949339399772,0.719048035698661,0.390497856330388,0,12.69953626739,0.59217779333275,0,0.16939364773821,0.377548341937177,785.220316738122,6.87568690203626,9.22572172704084,1.85835795785663,173.723567934907,4.96943410379215,12.9270289052713,12.9939124306161,22.0670522344152,7.65923847985937,6.47377724729091,8.07301552000987,1.36883863902615,0.547227721144241,0,18.1724476901901,0.972951510878354,0,0.462455845831377,0.798574536415891,259.948604819437,0.0643149558212555,0.0862971065651791,0.0173830210221223,1.62500470949826,0.0464839279908717,0.120919015770831,0.121544642132096,0.20641450225743,0.071644272270561,0.0605555057390495,0.0755147294970598,0.0128040729384176,0.00511875063699237,0,0.169984495659993,0.00910095737777606,0,0.00432579722109189,0.00746984072447468,2.43155095235763,168,98,57,2480,257,88,169,197,200,202,136,0,0,0,0,0,0,0,0,850,145,68,49,1936,239,58,122,133,167,178,111,0,0,0,0,0,0,0,0,-5,197,123,63,2862,273,134,194,220,228,228,167,9,2,0,76,5,0,4,4,1461,"Microlophus_tarapacensis",-70.359596252,-69.451270098,-21.34206089,-18.362134668,-69.9707107,-20.22998385
8014,185.579478129333,87.8356233455187,56.8323458968864,2253.90583637968,266.589184419513,114.16815832598,152.421026093533,188.351317282239,209.694566998613,215.167149880247,157.395688894491,2.94365309466784,1.07765032144208,0,35.0165132988781,1.94478759611748,0.10197907475104,0.731879490734905,1.17912517332661,357.886423799319,10.4981516217597,15.7954159651518,5.35959816511792,248.07409683682,8.9683293831268,17.7755437106696,16.4324430832505,28.2989406194536,13.9148087718278,11.3380101400468,10.590453582364,3.68967383480247,0.846380520287714,0,23.1118736491683,2.06591509137915,0.348706081798712,1.30075755094989,1.75470203009239,334.102254970057,0.117270336630533,0.176443798317151,0.0598697660000467,2.77112904190394,0.100181350361988,0.198562953731808,0.183559754275281,0.316115294605976,0.155436344188389,0.126652034924678,0.118301402134415,0.0412157595216392,0.0094545527734556,0,0.258172800379692,0.0230774489591075,0.00389524566523593,0.0145302031605666,0.0196010217006869,3.73211259667359,188,85,56,2291,267,118,150,189,211,218,160,2,1,0,37,1,0,0,0,256,151,56,44,1317,242,55,122,136,154,174,121,0,0,0,0,0,0,0,0,-22,202,148,77,2721,290,145,222,234,234,234,174,20,6,0,161,17,2,17,8,1652,"Microlophus_quadrivittatus",-75.99269104,-70.021736126,-21.7404647399999,-14.510907174,-72.19451048,-17.41701949
30109,185.715645667713,116.548032600708,70.6787360545127,1619.47327810809,268.318458146837,105.333522613401,162.984935533436,207.244839334625,170.530462956777,207.560591889906,166.636715879484,165.472008818224,54.2974814616875,0.563698309840337,110.815284922172,112.397120716147,3.54135212773064,110.647104014964,3.94946222192531,991.517302425012,37.404368175103,19.1414561757332,7.40145779053036,459.037476524822,39.5577397191516,46.7460186408096,13.1010372975536,42.7447765349567,35.3478378901853,42.8983984781122,33.8740906520051,173.228652123538,50.4689954853261,1.75365115061588,28.8661911331251,105.087852359309,8.40335277404225,102.471203198015,8.5379603979531,1002.2468578428,0.215562969350747,0.110313028457588,0.0426549169707115,2.64545255836799,0.22797294141544,0.269399299471272,0.0755018367965724,0.246339970534311,0.203711097593381,0.247225300345765,0.195217829394133,0.998324111600223,0.290854973837193,0.0101063663864728,0.166357090844925,0.605625775877795,0.0484288804985113,0.590545915142889,0.0492046299770651,5.77599139457873,188,114,69,1712,266,118,163,212,176,212,168,101,38,0,113,77,1,76,1,636,19,73,56,471,99,-89,119,34,3,34,3,3,1,0,35,2,0,1,0,-2,238,156,89,2415,320,163,199,260,225,261,218,1014,225,18,198,468,85,433,85,4696,"Microlophus_koepckeorum",-79.8667,-77.736667,-9.95055,-5.88356,-78.92420903,-7.81095936
1210,226.936170212766,68.4170212765957,56.3702127659574,1718.17617021277,297.037446808511,176.692765957447,120.344680851064,246.592340425532,213.428936170213,250.125957446809,206.673191489362,579.735319148936,84.2068085106383,27.7642553191489,49.6774468085106,239.614468085106,93.3642553191489,219.264680851064,103.203404255319,171.476595744681,10.2294882547451,2.96884153845685,2.4612771865648,84.5966405668747,8.91146842306124,9.64745195507166,1.26120337309759,9.80411775360747,8.46637885069243,9.09449532564456,10.7630711915896,247.998290722415,22.6342059500218,17.842957245753,18.5917484659864,61.605841348703,61.7647215946578,51.9351145128987,70.0689146434,157.050890487931,0.294077110753956,0.0853481933967457,0.0707567442050542,2.43198242354474,0.256186704668568,0.277344743591553,0.0362570477425046,0.281848568635392,0.243391279109697,0.261448358170832,0.309416541672415,7.12944958646761,0.650687671194583,0.512948955359856,0.534475189431442,1.77104341666255,1.77561090259369,1.49302956729478,2.01433966771881,4.51489565908667,230,68,56,1740,300,180,120,249,214,253,209,505,78,22,50,224,73,208,79,120,191,64,52,1493,261,141,116,211,189,215,171,200,45,2,20,122,7,115,11,0,243,78,64,1893,308,188,123,262,229,263,225,1335,151,77,98,405,276,358,331,807,"Microlophus_indefatigabilis",-90.548500061,-90.02722168,-0.838029562999964,-0.384728222999968,-90.3475644,-0.62389071
41,234.435897435897,65.1025641025641,55.5641025641026,1729.30769230769,301.153846153846,184.358974358974,116.794871794872,253.615384615385,214.769230769231,256.794871794872,213.230769230769,435.205128205128,78.2820512820513,13.1025641025641,72.2051282051282,223.615384615385,42.4102564102564,217.461538461538,43.2307692307692,46.7179487179487,4.37573976780151,2.1860186327861,1.63505789041038,52.6393658207249,3.37590893443577,4.05545233694344,1.34123837473722,4.01716962821616,4.18934449376623,3.59223934834004,4.92288714209103,85.9504690557543,7.63285391183443,5.43281874979749,10.6107678356506,26.4292654622578,19.444547265328,23.4978679367055,20.1670151986924,58.274734399787,0.683375740583137,0.341398753440792,0.255353141651038,8.22088778365312,0.527228398084189,0.633355247620395,0.209466242572072,0.62737649298317,0.654265689438789,0.561013532634539,0.768825804333405,13.4232080885274,1.19205150935735,0.848463741814828,1.65712352942018,4.12755781119341,3.03672809464709,3.66975043203695,3.14955862964449,9.1009844942741,237,65,56,1715,303,187,116,256,216,259,216,391,76,10,79,213,31,210,31,9,226,64,53,1529,294,176,116,245,207,249,204,244,51,4,51,142,14,131,18,5,240,77,63,1800,307,188,122,259,228,260,222,608,92,25,86,271,84,256,86,165,"Microlophus_barringtonensis",-90.536944,-90.036944,-0.837222,-0.421944,-90.0722533170732,-0.783309414634146
2,178.5,111,58.5,2582.5,276,88,188,149,195.5,212.5,146,13,4,0,94,8.5,0.5,2,6,580,3.53553390593274,5.65685424949238,0.707106781186548,102.530483272049,0,8.48528137423857,8.48528137423857,4.24264068711928,9.19238815542512,2.12132034355964,5.65685424949238,2.82842712474619,0,0,45.254833995939,0.707106781186548,0.707106781186548,0,1.4142135623731,114.551298552221,2.5,4,0.5,72.5,0,6,6,3,6.5,1.5,4,2,0,0,32,0.5,0.5,0,1,81,178.5,111,58.5,2582.5,276,88,188,149,195.5,212.5,146,13,4,0,94,8.5,0.5,2,6,580,176,107,58,2510,276,82,182,146,189,211,142,11,4,0,62,8,0,2,5,499,181,115,59,2655,276,94,194,152,202,214,150,15,4,0,126,9,1,2,7,661,"Microlophus_heterolepis",-70.5,-70.266667,-18,-17.833333,-70.3833335,-17.9166665
